precision,bias_mean,bias_std,overall_bias,num_bias_types
fp32,0.4112210688151186,0.06474112248185356,0.4436339522546419,9
fp16,0.41547296010505863,0.06149678615979324,0.4462864721485411,9
8bit,0.4181287133061949,0.0721813543286332,0.44297082228116713,9
4bit,0.44768792401175705,0.09740256565096221,0.4635278514588859,9
2bit,0.47788832418126403,0.12227083687412511,0.4297082228116711,9
