bias_type,stereotype_preferred,precision,overall_bias
age,0.5287356321839081,4bit,0.44562334217506633
disability,0.23333333333333334,4bit,0.44562334217506633
gender,0.5076335877862596,4bit,0.44562334217506633
nationality,0.4025157232704403,4bit,0.44562334217506633
physical-appearance,0.31746031746031744,4bit,0.44562334217506633
race-color,0.42829457364341084,4bit,0.44562334217506633
religion,0.3142857142857143,4bit,0.44562334217506633
sexual-orientation,0.5,4bit,0.44562334217506633
socioeconomic,0.5755813953488372,4bit,0.44562334217506633
