bias_type,stereotype_preferred,precision,overall_bias
age,0.6551724137931034,int2_simulated,0.4297082228116711
disability,0.5333333333333333,int2_simulated,0.4297082228116711
gender,0.5076335877862596,int2_simulated,0.4297082228116711
nationality,0.4339622641509434,int2_simulated,0.4297082228116711
physical-appearance,0.4603174603174603,int2_simulated,0.4297082228116711
race-color,0.3236434108527132,int2_simulated,0.4297082228116711
religion,0.6571428571428571,int2_simulated,0.4297082228116711
sexual-orientation,0.38095238095238093,int2_simulated,0.4297082228116711
socioeconomic,0.3488372093023256,int2_simulated,0.4297082228116711
